ts_code,name,industry,list_date,trade_date,total_mv,pe_ttm,pb,fina_end_date,roe_used,roe,roe_yearly,pe_hist_n,pb_hist_n,pe_percentile_5y,pb_percentile_5y,total_revenue,n_income_attr_p,total_assets,total_liab,n_cashflow_act,market_cap_yi,debt_asset_ratio_pct,net_margin_pct,roa_est_pct,ocf_to_profit,value_score,valuation_low_by,latest_annual_end,revenue_yoy_pct,profit_yoy_pct
605499.SH,东鹏饮料,软饮料,20210527,20260414,10800071.8501,24.4608,5.6345,20250930,60.8329,45.6247,60.8329,36,36,0.0277777777777777,0.0277777777777777,20875273117.52,4415263147.79,26720734868.03,17296937481.94,6174239867.75,1080.00718501,64.7322671601929,21.150684462587463,16.523733982603293,1.39838547807517,0.0277777777777777,PE&PB,20251231,31.797893836349523,32.72165806008516
002847.SZ,盐津铺子,食品,20170208,20260414,1499903.2345,20.0411,7.0328,20250930,41.6525,31.2394,41.6525,36,36,0.0277777777777777,0.0277777777777777,5762229731.44,748413603.64,4081986689.77,1921349703.41,908977875.88,149.99032345,47.068985017152485,12.988263892994231,18.334542969373803,1.2145394892063377,0.0277777777777777,PE&PB,20251231,8.64067752202905,16.949515470309855
688278.SH,特宝生物,生物制药,20200117,20260414,2583839.4084,25.0557,7.4903,20250930,31.9336,23.9502,31.9336,36,36,0.0277777777777777,0.0277777777777777,3695567867.63,1031236252.58,4373520620.54,923941968.0,729375868.86,258.38394084,21.125817119982404,27.9046763452173,23.579087468728407,0.7072829984741226,0.0277777777777777,PE&PB,20251231,31.18069877010362,24.605300753340632
600415.SH,小商品城,商品城,20020509,20260414,6728327.1703,16.0063,2.932,20250930,21.5972,16.1979,21.5972,36,36,0.0277777777777777,0.0277777777777777,19927252694.51,4203546946.97,44405436378.39,21376745042.11,10529211443.0,672.83271703,48.139927868185616,21.09446300205791,9.466289017296235,2.504839740303047,0.0277777777777777,PE&PB,20251231,26.62366752296673,36.759531668479845
000933.SZ,神火股份,铝,19990831,20260414,7828784.3129,14.013,2.9109,20250930,20.3885,15.2914,20.3885,36,36,0.0277777777777777,0.1944444444444444,12408562541.64,2289691883.17,52722409210.39,21553474810.26,4039054901.65,782.87843129,40.881050644424,18.452515152229545,4.342919675830691,1.764016779435872,0.0277777777777777,PE&PB,20251231,7.474326094516756,-6.998735947608163
603816.SH,顾家家居,家居用品,20161014,20260414,2519391.8088,15.7814,2.4396,20250930,20.3387,15.254,20.3387,36,36,0.0277777777777777,0.0277777777777777,15012062977.42,1538530266.62,17664219986.45,7024929043.18,1855065884.54,251.93918088,39.76925699843375,10.248626514118278,8.709868127775735,1.2057389606090738,0.0277777777777777,PE&PB,20241231,-3.811744641353324,-29.38355880005728
002970.SZ,锐明技术,IT设备,20191217,20260414,1073933.104,28.064,5.1855,20250930,20.2528,15.1896,20.2528,36,36,0.0277777777777777,0.0277777777777777,2476928402.34,382673238.64,3252382190.28,1186684997.86,398322851.82,107.3933104,36.486640512498845,15.4495074737922,11.765936973325246,1.0408954993446051,0.0277777777777777,PE&PB,20251231,-10.82021167616755,31.94543307086153
300979.SZ,华利集团,服饰,20210426,20260414,4958583.0,15.4633,3.0535,20250930,19.6713,14.7535,19.6713,36,36,0.0277777777777777,0.0277777777777777,24980125148.09,3206670242.12,22436514980.12,6186361601.75,3743180887.85,495.8583,27.57273849005276,12.836886216981922,14.29219397469388,1.1673108256292986,0.0277777777777777,PE&PB,20251231,4.056134133019874,-16.500117294674638
002155.SZ,湖南黄金,黄金,20070816,20260414,4612946.6848,31.0011,5.6832,20250930,18.8729,14.1547,18.8729,36,36,0.0277777777777777,0.0277777777777777,50181265325.14,1487994929.97,9435622401.27,1270891460.58,1498807786.52,461.29466848,13.469079267192194,2.965239956244265,15.7699711443489,1.0072667294304678,0.0277777777777777,PE&PB,20251231,80.25828193517641,75.77298388574381
000902.SZ,新洋丰,农药化肥,19990408,20260414,1954875.6125,12.4061,1.6976,20250930,16.522,12.3915,16.522,36,36,0.0277777777777777,0.0277777777777777,13474553014.22,1373530499.96,19748687035.59,7675052757.86,1223037528.58,195.48756125,38.86361024420732,10.193514386046663,6.955047175970224,0.8904334695266084,0.0277777777777777,PE&PB,20241231,3.069866013605506,8.986025994957243
600863.SH,华能蒙电,火力发电,19940520,20260414,3659033.5245,17.7317,1.6159,20250930,16.0296,12.0222,16.0296,36,36,0.3055555555555556,0.0277777777777777,15051974683.61,2207704118.36,40790668958.85,15592146982.26,4477055780.95,365.90335245,38.22478861033022,14.66720589667185,5.412277304368684,2.0279238253520107,0.0277777777777777,PB,20241231,-1.02852648378934,15.97885720049396
301498.SZ,乖宝宠物,饲料,20230816,20260414,1992352.379,29.8564,4.452,20250930,15.8721,11.9041,15.8721,36,36,0.0277777777777777,0.0277777777777777,4737454765.81,513010893.92,5509998060.81,1034805842.15,497981458.54,199.2352379,18.780511911793266,10.828829387931613,9.310545816137449,0.970703477142254,0.0277777777777777,PE&PB,20241231,21.21582143253177,45.67623962557812
000792.SZ,盐湖股份,农药化肥,19970904,20260414,20563050.8943,20.0217,4.6066,20250930,15.4667,11.6,15.4667,36,36,0.0277777777777777,0.5555555555555556,15501243782.06,8475535262.69,55781587198.78,7894870642.73,10160860737.41,2056.30508943,14.153183943289926,54.67648520242589,15.194145036581835,1.1988459044160835,0.0277777777777777,PE,20251231,2.425805354242184,81.75688321549323
603132.SH,金徽股份,铅锌,20220222,20260414,1799520.0,27.5423,5.2761,20250930,14.3841,10.7881,14.3841,36,36,0.0277777777777777,0.3888888888888889,528197145.69,204927578.45,8830350637.87,5419634370.38,196184284.39,179.952,61.37507549402691,38.79755506484173,2.320718472618107,0.9573347124572924,0.0277777777777777,PE,20251231,11.997358571921698,13.6911087976396
000598.SZ,兴蓉环境,水务,19960529,20260414,1963477.7384,9.7968,0.9956,20250930,12.4979,9.3734,12.4979,36,36,0.0277777777777777,0.0277777777777777,6547780277.56,1764167822.74,49370674255.93,28466218956.27,2399067521.56,196.34777384,57.65815311475288,26.9429905701938,3.573311179820686,1.3598862254691346,0.0277777777777777,PE&PB,20241231,11.897977037222656,8.283792008893716
001337.SZ,四川黄金,黄金,20230303,20260414,2049600.0,43.9995,11.2073,20250930,30.8527,23.1395,30.8527,36,36,0.0555555555555555,0.1388888888888889,1026149563.13,465823988.03,2998315205.73,1169500587.28,645149841.08,204.96,39.00525818783158,45.39533073610889,15.536191363062034,1.384964831477187,0.0555555555555555,PE&PB,20251231,60.37747113252119,87.6882724027156
002517.SZ,恺英网络,互联网,20101207,20260414,3807141.843,19.7068,3.7269,20250930,25.1892,18.8919,25.1892,36,36,0.0555555555555555,0.0555555555555555,4075034147.51,1583464815.29,13168354491.03,2954220870.03,1317139633.09,380.7141843,22.43424470416825,38.857706658913685,12.024773606820974,0.8318085885910735,0.0555555555555555,PE&PB,20241231,19.15547875911016,11.408414299643114
002270.SZ,华明装备,电气设备,20080905,20260414,2397403.0279,33.7787,7.6297,20250930,24.436,18.327,24.436,36,36,0.0555555555555555,0.0555555555555555,2426794600.12,709737360.27,5208442684.19,2036070254.77,604031442.9,239.74030279,39.09172814650341,29.245876854798716,13.626671220255082,0.8510633323152283,0.0555555555555555,PE&PB,20251231,4.503984166498731,15.536192044576916
301061.SZ,匠心家居,家居用品,20210913,20260414,1545372.9207,16.9887,3.837,20250930,23.0639,17.2979,23.0639,36,36,0.0555555555555555,0.0555555555555555,2511429964.0,657534469.55,5118818579.8,1091286206.59,556602258.03,154.53729206999998,21.319103023038533,26.181676533903136,12.845434142651149,0.8464989803666484,0.0555555555555555,PE&PB,20241231,32.627207863454586,67.63621791207436
002311.SZ,海大集团,饲料,20091127,20260414,8037576.1051,16.0028,3.1808,20250930,22.4641,16.8481,22.4641,36,36,0.0555555555555555,0.0555555555555555,96094150423.09,4142427609.26,50815503883.14,24281714356.04,5017432819.17,803.7576105100001,47.78406687037968,4.310801012362805,8.151897143018216,1.2112300545588317,0.0555555555555555,PE&PB,20241231,-1.30567434350383,64.30405997406432
603568.SH,伟明环保,环境保护,20150528,20260414,4217175.7935,15.4591,2.8845,20250930,20.378,15.2835,20.378,36,36,0.0555555555555555,0.0555555555555555,5880143836.28,2134946762.65,29948942534.97,13437872415.44,2296321626.88,421.71757935,44.8692717605946,36.307730254446426,7.128621520299492,1.0755873013103583,0.0555555555555555,PE&PB,20241231,19.03060826865211,31.994113669831545
601021.SH,春秋航空,空运,20150121,20260414,4637300.425,20.0108,2.5531,20250930,17.5144,13.1358,17.5144,36,36,0.0555555555555555,0.1944444444444444,21459531429.0,2317401673.0,46876574409.0,28713072937.0,6623358345.0,463.7300425,61.252498287262384,10.798938833623868,4.943624192289686,2.8580968168654635,0.0555555555555555,PE&PB,20251231,7.298047811827181,1.9559378150286175
600866.SH,星湖科技,饲料,19940818,20260414,1146416.105,8.949,1.3799,20250930,16.7259,12.5444,16.7259,36,36,0.0555555555555555,0.0555555555555555,12077319754.43,1015125264.79,17268051987.06,8769939640.0,1847071829.76,114.6416105,50.78708152240825,8.405219746025592,5.8786322021192365,1.819550644463672,0.0555555555555555,PE&PB,20241231,-0.2263059080589768,39.117471339831326
002891.SZ,中宠股份,饲料,20170821,20260414,1215884.8183,27.3141,3.6725,20250930,16.7076,12.5307,16.7076,36,36,0.2222222222222222,0.0555555555555555,3859906177.68,333308055.43,5364318785.07,2255556391.61,234411293.8,121.58848183,42.0473965471194,8.6351336039555,6.213427441293473,0.7032872142786544,0.0555555555555555,PE&PB,20241231,19.148939864197235,68.89449357041241
000999.SZ,华润三九,中成药,20000309,20260414,4563285.3666,13.339,2.0582,20250930,15.2959,11.4719,15.2959,36,36,0.0555555555555555,0.0555555555555555,31602577614.08,3421001213.82,58804678665.86,20332578552.87,5513082840.18,456.32853666000005,34.57646400621249,10.82507020660185,5.817566376408272,1.6115407436596358,0.0555555555555555,PE&PB,20251231,14.433218217678895,1.5770189017955276
603939.SH,益丰药房,医药商业,20150217,20260414,2731519.9217,16.6289,2.4932,20250930,14.9087,11.1815,14.9087,36,36,0.0555555555555555,0.0555555555555555,17285899932.64,1224555838.55,26071387113.5,14188944678.91,2267211017.81,273.15199217,54.42343599571208,7.0841312475594025,4.696933972937381,1.85145580661688,0.0555555555555555,PE&PB,20241231,6.525201261986316,8.25728622714804
603899.SH,晨光股份,文教休闲,20150127,20260414,2340185.728,17.8579,2.5197,20250930,14.1787,10.634,14.1787,36,36,0.1944444444444444,0.0555555555555555,25063909836.47,1310448991.96,18074966731.15,8197969120.5,2282072468.65,234.0185728,45.35537598734165,5.228430043477061,7.250076923802028,1.741443186763623,0.0555555555555555,PE&PB,20251231,3.4491190354446166,-6.117830970188173
603179.SH,新泉股份,汽车配件,20170317,20260414,3235830.0273,39.7,4.3654,20250930,13.8593,10.3945,13.8593,36,36,0.0833333333333333,0.0555555555555555,15524321623.38,815070818.66,18418129770.27,10953577046.85,768233413.45,323.58300273000003,59.471711750728026,5.250282997438573,4.425372330559116,0.9425357844524456,0.0555555555555555,PE&PB,20251231,17.042887061785873,-16.54299149225388
002508.SZ,老板电器,家用电器,20101123,20260414,1883263.2596,12.2885,1.65,20250930,13.6607,10.2455,13.6607,36,36,0.0555555555555555,0.0555555555555555,7311736717.86,1157326146.45,16750049401.6,5259450021.71,729194650.22,188.32632596,31.39960901373584,15.82833451350976,6.909389451349616,0.6300684145577656,0.0555555555555555,PE&PB,20241231,0.0960412966411478,-8.967549286501624
600547.SH,山东黄金,黄金,20030828,20260414,18163122.3285,38.3237,5.8674,20250930,12.826,9.6195,12.826,36,36,0.1111111111111111,0.0555555555555555,104287391583.12,4739393120.72,170374158329.33,105994525016.95,21492754843.56,1816.31223285,62.21279450846331,4.544550447349688,2.781755852644533,4.53491708666169,0.0555555555555555,PE&PB,20251231,26.381395270736817,60.57296034265617
603833.SH,欧派家居,家居用品,20170328,20260414,3080486.0484,12.8312,1.6932,20250930,12.7188,9.5391,12.7188,36,36,0.0555555555555555,0.0555555555555555,13213862732.8,1832492631.29,35365426296.73,15988348163.49,2743991745.59,308.04860484,45.20897904450917,13.867955709433174,5.181593502972811,1.4974094295038676,0.0555555555555555,PE&PB,20241231,-16.931565428313835,-14.380374598102444
002545.SZ,东方铁塔,农药化肥,20110211,20260414,2736936.5826,29.5566,2.8982,20250930,12.0383,9.0287,12.0383,36,36,0.0555555555555555,0.0555555555555555,3392405946.71,828057646.0,13990118468.7,4536190416.6,1452721513.42,273.69365826,32.424245918637425,24.40915559657774,5.918875153577919,1.7543724406597654,0.0555555555555555,PE&PB,20241231,4.788213077245214,-10.967887500726418
601022.SH,宁波远洋,水运,20221208,20260414,1147671.4339,17.5461,1.8716,20250930,12.0372,9.0279,12.0372,36,36,0.0555555555555555,0.0555555555555555,6107367153.29,654090036.61,8793218615.17,2649235071.79,1406780142.66,114.76714339,30.12816111747248,10.709852874288815,7.438573578525255,2.1507438791622966,0.0555555555555555,PE&PB,20251231,15.855497963414273,18.122394801814064
600809.SH,山西汾酒,白酒,19940106,20260414,16964822.4711,13.7954,4.3746,20250930,41.358,31.0185,41.358,36,36,0.0833333333333333,0.0833333333333333,32924416755.68,11404509070.8,54550849056.82,15272941426.2,8982107362.78,1696.48224711,27.9976236672169,34.6384543587474,20.90619901978262,0.7875926361247505,0.0833333333333333,PE&PB,20241231,12.786417884409904,17.29019095143964
002027.SZ,分众传媒,广告包装,20040804,20260414,9098585.8274,16.7629,6.3622,20250930,33.7604,25.3203,33.7604,36,36,0.0833333333333333,0.0833333333333333,9606726617.75,4240475945.45,23789042737.84,6960859218.3,5311219622.54,909.85858274,29.260778985560947,44.14069551656676,17.82533241114782,1.252505542034474,0.0833333333333333,PE&PB,20241231,3.010636513689768,6.801025482057077
603444.SH,吉比特,互联网,20170104,20260414,2576045.6896,14.3619,4.6747,20250930,31.4859,23.6144,31.4859,36,36,0.0833333333333333,0.0833333333333333,6204659480.39,1793666076.8,8622142841.81,2082967914.66,2795833396.76,257.60456896,24.158355444535108,28.90837252985328,20.80301973312548,1.5587256919905197,0.0833333333333333,PE&PB,20251231,67.88940400893947,89.82205242992197
603605.SH,珀莱雅,日用化工,20171115,20260414,2379023.8561,15.0716,4.4878,20250930,24.7068,18.5301,24.7068,36,36,0.0833333333333333,0.0833333333333333,7097899849.33,1025700052.65,8574809697.11,2796193154.16,1198467218.63,237.90238561,32.6093902130844,14.450754088152143,11.961782113901554,1.1684382929820845,0.0833333333333333,PE&PB,20241231,21.0435489079572,29.997244916599406
301345.SZ,涛涛车业,摩托车,20230321,20260414,2390355.6363,29.282,6.6023,20250930,24.5199,18.3899,24.5199,36,36,0.0833333333333333,0.2777777777777778,3941430356.32,816322513.73,5906237240.8,2285658668.69,753822365.68,239.03556363,38.699066351428975,20.711326597996184,13.82136342392215,0.9234369418963836,0.0833333333333333,PE&PB,20251231,32.41255964551784,89.28633128529275
603871.SH,嘉友国际,仓储物流,20180206,20260414,1823555.5411,17.1752,3.3168,20250930,20.5081,15.3811,20.5081,36,36,0.0833333333333333,0.0833333333333333,6570358782.76,873923591.22,7996869004.77,2072089914.57,1372330121.61,182.35555411,25.911264937990516,13.301002580149698,10.928321955739415,1.5703090469204783,0.0833333333333333,PE&PB,20241231,25.136174635395932,22.87572537083937
300009.SZ,安科生物,生物制药,20091030,20260414,1627866.3696,22.142,3.9106,20250930,17.7328,13.2996,17.7328,36,36,0.0833333333333333,0.4166666666666667,2646519767.58,735192705.68,5547653408.8,811296771.84,863220471.02,162.78663696,14.62414307557634,27.779603790840618,13.25231862022591,1.1741417785444208,0.0833333333333333,PE,20251231,4.35627453519592,3.995248205368685
600062.SH,华润双鹤,化学制药,19970522,20260414,1888143.005,11.4645,1.6231,20250930,16.564,12.423,16.564,36,36,0.0833333333333333,0.0833333333333333,11000795324.94,1646949551.48,17009183062.74,4508992092.88,1489514452.2,188.8143005,26.509163175257456,14.971186199112225,9.682708131278668,0.9044080620814864,0.0833333333333333,PE&PB,20251231,-1.880444327486466,1.18147873022741
603501.SH,豪威集团,半导体,20170504,20260414,11938025.8605,29.51,3.6526,20250930,16.4915,12.3686,16.4915,36,36,0.0833333333333333,0.0833333333333333,28854805517.49,4045416530.33,43600508995.65,15446649874.69,4119514939.45,1193.80258605,35.42768245258583,14.019905723772483,9.278369962913985,1.0183166328026931,0.0833333333333333,PE&PB,20251231,12.141814132947609,21.730996944226565
603355.SH,莱克电气,家用电器,20150513,20260414,1557345.5947,16.0088,2.8504,20250930,15.742,11.8065,15.742,36,36,0.0833333333333333,0.0833333333333333,7312800981.54,621096585.15,15253653325.24,9669347351.32,592977576.65,155.73455947,63.390370458467615,8.493278932625943,4.0717890455939525,0.9547268344854786,0.0833333333333333,PE&PB,20241231,11.063438344511614,10.16738009486314
688016.SH,心脉医疗,医疗保健,20190722,20260414,1244331.0711,22.089,3.0533,20250930,14.7657,11.0743,14.7657,36,36,0.0833333333333333,0.1388888888888889,1350632689.26,563325654.82,4641152080.57,542631649.04,573063955.25,124.43310711,11.6917446276261,41.70827933452739,12.137625422324357,1.0172871594728126,0.0833333333333333,PE&PB,20251231,11.962427504824335,12.193870553361425
601156.SH,东航物流,仓储物流,20210609,20260414,2700432.0008,10.0461,1.3674,20250930,14.5957,10.9468,14.5957,36,36,0.0833333333333333,0.0833333333333333,24264489560.29,2688045084.23,31755833882.64,9732841502.13,6201784649.1,270.04320008,30.64898732654809,11.078102745788293,8.4647283839694,2.307172854162349,0.0833333333333333,PE&PB,20251231,0.867758298556808,0.018687483996136
300304.SZ,云意电气,汽车配件,20120321,20260414,1141586.8334,24.4606,3.3297,20250930,13.8952,10.4214,13.8952,36,36,0.0833333333333333,0.1111111111111111,2398749100.6,466703757.79,4776391229.72,1124481096.38,360813176.47,114.15868333999998,23.54248306510518,19.456130600456014,9.771053821681164,0.7731096449245927,0.0833333333333333,PE&PB,20251231,11.828132609244989,16.36182734756274
601089.SH,福元医药,化学制药,20220630,20260414,1102560.0,23.4905,2.9173,20250930,13.844,10.383,13.844,36,36,0.0833333333333333,0.0833333333333333,3504445642.69,469364240.73,4923915153.64,1131152808.02,360854536.18,110.256,22.9726299646694,13.39339480722314,9.532338110721158,0.7688155697987658,0.0833333333333333,PE&PB,20251231,1.7065948232374006,-3.9516407929223143
000786.SZ,北新建材,其他建材,19970606,20260414,4340701.9071,14.9351,1.5979,20250930,13.1361,9.8521,13.1361,36,36,0.25,0.0833333333333333,25280261918.22,2906380291.66,36088073943.54,7794450189.12,4203945682.37,434.07019071,21.598410049021908,11.496638369736637,8.053575528045771,1.4464540977082136,0.0833333333333333,PE&PB,20251231,-2.0946512339019607,-20.30638499923402
300832.SZ,新产业,医疗保健,20200512,20260414,3660663.8193,22.1903,4.1861,20250930,18.5481,13.9111,18.5481,36,36,0.1111111111111111,0.1111111111111111,3427619637.56,1204802622.37,9576812383.78,831979766.76,1064210655.47,366.06638193,8.68743934222939,35.149834280552085,12.580413754482054,0.8833070543758964,0.1111111111111111,PE&PB,20241231,15.414804121657047,10.570739290153549
000513.SZ,丽珠集团,化学制药,19931028,20260414,3005565.7738,14.8551,2.1641,20250930,16.8107,12.608,16.8107,36,36,0.7777777777777778,0.1111111111111111,12020349219.61,2023249327.79,23985471448.48,8438371286.52,3145038968.09,300.55657738,35.181177508415225,16.831868116520862,8.435311901773007,1.5544495307087702,0.1111111111111111,PB,20251231,1.7609583291592372,-1.8362308101885272
600993.SH,马应龙,中成药,20040517,20260414,1084531.5898,18.9736,2.5225,20250930,15.9709,11.9782,15.9709,36,36,0.1111111111111111,0.1111111111111111,2837281856.08,501010717.43,5341330588.38,909821802.03,449801612.75,108.45315898,17.033617129209457,17.658122909304417,9.379885950514703,0.8977884047217916,0.1111111111111111,PE&PB,20241231,18.85001795779835,19.14105925095198
002588.SZ,史丹利,农药化肥,20110610,20260414,1199119.5512,12.2742,1.6375,20250930,15.3665,11.5249,15.3665,36,36,0.1111111111111111,0.1111111111111111,9289826068.43,815115460.07,15094617060.15,6834393141.46,990729911.58,119.91195512000002,45.277022359864254,8.774281176695444,5.400040668947583,1.2154473324489743,0.1111111111111111,PE&PB,20241231,2.714138165262922,17.88643187335822
600761.SH,安徽合力,工程机械,19961009,20260414,1555149.5607,12.6987,1.4353,20250930,14.2016,10.6512,14.2016,36,36,0.2222222222222222,0.1111111111111111,19818534508.17,1224649270.66,19857936086.28,7965812352.13,1621427300.21,155.51495607,40.11399934776526,6.179312956541516,6.167052131395064,1.3239931946688412,0.1111111111111111,PE&PB,20251231,14.38991509102287,-7.197639023731853
000739.SZ,普洛药业,化学制药,19970509,20260414,2028434.7016,22.7741,3.2002,20250930,14.1165,10.5874,14.1165,36,36,0.1111111111111111,0.25,9783600915.27,890677997.16,12318263291.99,5971914136.16,1220201280.75,202.84347016,48.48016310905825,9.103785046769968,7.230548463265653,1.3699690400354698,0.1111111111111111,PE&PB,20251231,-18.618263313278515,-13.62047773676928
002558.SZ,巨人网络,互联网,20110302,20260414,6034284.2579,36.1509,4.0578,20250930,13.4965,10.1224,13.4965,36,36,0.25,0.1111111111111111,3368421677.17,1416820995.71,18189523783.62,2983853921.91,1851250272.84,603.42842579,16.404244318903032,42.06186551145672,7.789214344280269,1.306622557433445,0.1111111111111111,PE&PB,20241231,-0.0453895824490076,31.15324524010953
601827.SH,三峰环境,环境保护,20200605,20260414,1335874.7067,10.8523,1.1114,20250930,12.7577,9.5683,12.7577,36,36,0.1111111111111111,0.1111111111111111,5559083928.61,1230956812.23,24785942222.07,12126475442.13,2355411673.51,133.58747067,48.92481122356645,22.14315934132317,4.966350688633199,1.9134803513073209,0.1111111111111111,PE&PB,20251231,-7.2072203173337055,5.378288803283319
000568.SZ,泸州老窖,白酒,19940509,20260414,15191913.0001,12.0167,3.1862,20250930,29.5665,22.1749,29.5665,36,36,0.1388888888888889,0.1388888888888889,23127459902.13,10762394649.32,65496029532.83,15671024043.27,9822590732.99,1519.19130001,23.92667793001845,46.53513483479784,16.43213294925814,0.9126770624054956,0.1388888888888889,PE&PB,20241231,3.185053486894186,1.710592055738061
001221.SZ,悍高集团,家居用品,20250730,20260414,2528063.2,38.0347,9.7373,20250930,28.7352,21.5514,28.7352,36,36,0.1388888888888889,0.1388888888888889,2496819243.12,483469539.81,4258385348.49,1518121492.13,791059515.12,252.80632000000003,35.65016709134409,19.3634177220559,11.353353448424665,1.636213763189467,0.1388888888888889,PE&PB,20241231,28.57267166728065,59.71508901123974
600285.SH,羚锐制药,中成药,20001018,20260414,1217029.833,15.2203,3.7467,20250930,27.4621,20.5966,27.4621,36,36,0.1388888888888889,0.1388888888888889,3041361639.17,650932609.77,5755687724.88,2472402407.84,490387656.36,121.7029833,42.95581216389823,21.402670481095505,11.309380231943894,0.7533616368263886,0.1388888888888889,PE&PB,20241231,5.718262020529048,27.185159004653315
300760.SZ,迈瑞医疗,医疗保健,20181016,20260414,19454834.6081,23.9127,5.1071,20250930,26.8605,20.1454,26.8605,36,36,0.2222222222222222,0.1388888888888889,33282159404.0,8135775409.0,59266767707.0,16255447654.0,10144968535.0,1945.48346081,27.427592701466104,24.444854404555876,13.727381674028909,1.2469577913590608,0.1388888888888889,PE&PB,20251231,-9.376500647044058,-30.27566217752065
002043.SZ,兔宝宝,其他建材,20050510,20260414,1181570.3795,16.3754,3.5577,20250930,26.7915,20.0936,26.7915,36,36,0.1388888888888889,0.1388888888888889,6318504889.14,629285716.5,5928084979.3,2610035300.97,472717962.99,118.15703795,44.02830442012655,9.959408555362389,10.615328874288627,0.7511976683964668,0.1388888888888889,PE&PB,20241231,1.3900793661962842,-15.109800267254396
600873.SH,梅花生物,食品,19950217,20260414,3045406.4319,8.0776,1.8897,20250930,26.2845,19.7134,26.2845,36,36,0.1388888888888889,0.1388888888888889,18215447345.0,3025092355.05,25991339903.1,9875505133.65,4711159998.34,304.54064319,37.99536757422861,16.60729104125112,11.638847271160484,1.5573607167646728,0.1388888888888889,PE&PB,20241231,-9.694757231338391,-13.84877228791026
600598.SH,北大荒,种植业,20020329,20260414,2862064.6535,24.5422,3.5761,20250930,22.6197,16.9648,22.6197,36,36,0.1388888888888889,0.5277777777777778,5229190487.41,1166182575.0,8958219053.33,1158062956.07,1240486450.4,286.20646535,12.927379305817691,22.301397851306927,13.018018068742135,1.0637154738828096,0.1388888888888889,PE,20251231,-2.052002442587194,7.263778145564381
300910.SZ,瑞丰新材,化工原料,20201127,20260414,1434990.163,19.4867,3.7553,20250930,21.8552,16.3914,21.8552,36,36,0.1944444444444444,0.1388888888888889,3508343875.06,736393118.44,5096284297.68,1247231783.38,746801854.96,143.4990163,24.47335569461425,20.98976453462408,14.449608291578844,1.0141347552813234,0.1388888888888889,PE&PB,20251231,11.112355030650953,1.9247549482069035
002602.SZ,世纪华通,互联网,20110728,20260414,11999470.8202,31.8504,4.1421,20250930,21.4955,16.1216,21.4955,36,36,0.1388888888888889,0.1388888888888889,27223367866.05,4357457982.04,43226592627.73,13297431526.51,6277705861.01,1199.94708202,30.762155233997447,16.006314881687157,10.080503035635235,1.4406807562768538,0.1388888888888889,PE&PB,20241231,70.27064777493497,131.50632655957736
600690.SH,海尔智家,家用电器,19931119,20260414,19636756.4871,10.0429,1.6543,20250930,20.7995,15.5996,20.7995,36,36,0.1388888888888889,0.1388888888888889,302346783918.3,19552798222.85,295795068591.57,169818067276.46,26002941969.92,1963.67564871,57.41071617084413,6.467010486916093,6.610251589369209,1.3298834097071677,0.1388888888888889,PE&PB,20251231,5.72259899323807,4.331000999918354
603868.SH,飞科电器,家用电器,20160418,20260414,1389564.0,30.8535,4.2472,20250930,19.3359,14.5019,19.3359,36,36,0.1388888888888889,0.1388888888888889,3040077304.45,457110706.46,3895861079.29,624176224.8,745173087.57,138.9564,16.021521612206787,15.03615404091505,11.733239382942935,1.6301807790520595,0.1388888888888889,PE&PB,20241231,-18.034198929251637,-55.09563087451937
300896.SZ,爱美客,医疗保健,20200928,20260414,3523381.9583,27.2915,4.6458,20250930,19.1956,14.3967,19.1956,36,36,0.1388888888888889,0.1388888888888889,2452617161.44,1291017682.24,8908047716.98,743427421.3,1324231592.64,352.33819583,8.345570712232739,52.63836943398078,14.492711795639998,1.0257269213713416,0.1388888888888889,PE&PB,20251231,-18.93965904064538,-34.050890492321706
002262.SZ,恩华药业,化学制药,20080723,20260414,2270283.013,18.465,2.8015,20250930,19.1471,14.3603,19.1471,36,36,0.1388888888888889,0.1388888888888889,4470988804.69,1106047401.4,9079690036.71,1004133346.76,911146556.95,227.0283013,11.059114823305633,24.73831739949277,12.181554622769626,0.8237861738987853,0.1388888888888889,PE&PB,20241231,13.014539242792669,10.284936976887128
300529.SZ,健帆生物,医疗保健,20160802,20260414,1399955.0471,29.0573,4.2291,20250930,17.8705,13.4029,17.8705,36,36,0.1388888888888889,0.1388888888888889,1556021993.54,453230155.4,5536100604.25,2107445959.36,573240155.17,139.99550471,38.06733493502878,29.12749031065344,8.186812122815478,1.2647882060364777,0.1388888888888889,PE&PB,20241231,39.27345486966796,87.90608614457304
603606.SH,东方电缆,电气设备,20141015,20260414,4076776.7015,32.065,4.922,20250930,16.7756,12.5817,16.7756,36,36,0.1388888888888889,0.1666666666666666,10843482833.21,1271408899.19,15536056290.11,7253273554.72,1964747569.2,407.67767015,46.68671005869949,11.725097173539996,8.183601265652971,1.5453309871055,0.1388888888888889,PE&PB,20251231,19.25715537231512,26.112160356356945
600763.SH,通策医疗,医疗保健,19961030,20260414,1859828.1485,35.9974,4.2817,20250930,16.3571,12.2678,16.3571,36,36,0.1388888888888889,0.1388888888888889,2290207568.44,513500420.93,6278898835.13,1576111460.17,681619443.27,185.98281485,25.10171769852011,22.42156684862309,8.178192297939267,1.3273980224505362,0.1388888888888889,PE&PB,20241231,0.957987520366539,0.190255888536635
000538.SZ,云南白药,中成药,19931215,20260414,9822365.6295,19.0597,2.4529,20250930,16.2145,12.1609,16.2145,36,36,0.2777777777777778,0.1388888888888889,41186999090.31,5153486838.91,54268581131.82,14121080303.47,4599693880.44,982.23656295,26.02072876968992,12.512411568538996,9.496262351860697,0.8925401430563987,0.1388888888888889,PE&PB,20251231,2.881846493072059,8.507811948613146
000729.SZ,燕京啤酒,啤酒,19970716,20260414,3757112.9416,22.3755,2.427,20250930,15.4931,11.6198,15.4931,36,36,0.1388888888888889,0.8611111111111112,13432829833.05,1770455286.81,25323098969.4,8243291682.86,4064724183.12,375.71129416,32.55246007931751,13.180061899198556,6.991463757849653,2.2958637890504456,0.1388888888888889,PE,20241231,3.1954139481570847,63.74358939902932
002773.SZ,康弘药业,化学制药,20150626,20260414,2500465.0692,19.9969,2.7279,20250930,15.4573,11.593,15.4573,36,36,0.1388888888888889,0.1388888888888889,3623865721.06,1032906564.53,9870033859.62,719980060.47,1408275688.02,250.04650692,7.294605780589687,28.50289287837821,10.465076201570064,1.3634105313879992,0.1388888888888889,PE&PB,20241231,12.513031140092217,14.018931757800608
002223.SZ,鱼跃医疗,医疗保健,20080418,20260414,3311181.2965,19.0281,2.5237,20250930,15.0037,11.2528,15.0037,36,36,0.1388888888888889,0.1388888888888889,6544895742.68,1466043552.13,16671241103.13,3036036271.84,1503500671.45,331.11812965,18.21121926711257,22.39979993217868,8.793847698925983,1.0255497998443353,0.1388888888888889,PE&PB,20241231,-5.091933726721538,-24.63225219261306
000893.SZ,亚钾国际,农药化肥,19981224,20260414,4994496.6657,27.8214,3.8253,20250930,14.4481,10.8361,14.4481,36,36,0.1388888888888889,0.1388888888888889,3866785481.67,1362929905.46,19380123596.43,6319617106.69,1405617117.83,499.44966657,32.60875543566777,35.247104136518416,7.032617200186817,1.0313201817635609,0.1388888888888889,PE&PB,20241231,-8.969850680148562,-23.048741479986333
002284.SZ,亚太股份,汽车配件,20090828,20260414,1039914.1896,21.2171,3.0911,20250930,14.3372,10.7529,14.3372,36,36,0.1388888888888889,0.1388888888888889,5607128129.86,490129786.59,8635031600.61,5253724565.86,1348698620.98,103.99141896,60.84198424344925,8.741191127412986,5.676062454193867,2.7517173162711783,0.1388888888888889,PE&PB,20251231,31.61071607688078,130.18149086439232
600298.SH,安琪酵母,食品,20000818,20260414,3544620.6924,22.9513,2.9483,20250930,13.2881,9.9661,13.2881,36,36,0.1388888888888889,0.1388888888888889,16728842770.37,1544409068.94,25458488639.6,12560525578.1,2477959556.34,354.46206924,49.33727903455525,9.232013774888516,6.066381593987135,1.6044709955249998,0.1388888888888889,PE&PB,20251231,10.08053117525722,16.59709007544988
603799.SH,华友钴业,小金属,20150129,20260414,12199751.2607,19.9656,2.5261,20250930,13.2829,9.9622,13.2829,36,36,0.1388888888888889,0.3888888888888889,81018674069.68,6110378757.84,159437759775.5,98616989325.74,4011961997.48,1219.97512607,61.852969751080245,7.54193872956348,3.8324539722860247,0.6565815568032343,0.1388888888888889,PE,20251231,32.93613041584954,47.06704789967315
600377.SH,宁沪高速,路桥,20010116,20260414,5818598.3625,12.666,1.404,20250930,12.972,9.729,12.972,36,36,0.1388888888888889,0.1388888888888889,20289199757.75,4593870605.31,96388991421.56,41408028894.22,6761638748.35,581.85983625,42.959292636563454,22.64195069376873,4.765970198005888,1.4718827170565716,0.1388888888888889,PE&PB,20251231,-12.539783704128846,-7.132464043526246
600027.SH,华电国际,火力发电,20050203,20260414,5341416.1246,8.7992,1.109,20250930,12.5284,9.3963,12.5284,36,36,0.75,0.1388888888888889,126012591000.0,6070315000.0,264230768000.0,162142438000.0,27220563000.0,534.1416124599999,61.36395062061811,4.8172289386542335,2.2973535769309046,4.484209303800544,0.1388888888888889,PB,20251231,11.521509477951918,6.446873754421394
601918.SH,新集能源,煤炭开采,20071219,20260414,1917000.932,8.9743,1.139,20250930,12.3088,9.2316,12.3088,36,36,0.1388888888888889,0.25,12280256580.88,2136092612.96,53034803860.03,33691640882.62,3103598704.57,191.7000932,63.52741677246384,17.394527540131644,4.027718512163442,1.452932651767996,0.1388888888888889,PE&PB,20251231,-3.5115372964968845,-10.73358904149292
000651.SZ,格力电器,家用电器,19961118,20260414,20882040.6024,6.5905,1.504,20250930,20.3059,15.2294,20.3059,36,36,0.1666666666666666,0.1666666666666666,137653531493.98,21461336806.54,399221931501.58,250709982981.23,45728383685.2,2088.20406024,62.79965182229418,15.590836336428149,5.375791035782577,2.130733238912918,0.1666666666666666,PE&PB,20241231,-7.306696573588667,10.914775690020283
600885.SH,宏发股份,电气设备,19960205,20260414,4163028.702,23.6868,3.296,20250930,19.6481,14.7361,19.6481,36,36,0.25,0.1666666666666666,17202480686.91,1757527714.75,23364096633.21,7353631467.01,2968662719.38,416.3028702,31.47406716576177,10.216710872911298,7.522343972211747,1.6891128910603144,0.1666666666666666,PE&PB,20251231,21.981795565169637,7.756590464907844
601058.SH,赛轮轮胎,汽车配件,20110630,20260414,4389613.8458,11.8935,2.0835,20250930,18.872,14.154,18.872,36,36,0.1666666666666666,0.1666666666666666,27587078323.18,2871659933.69,45825323443.63,23032297551.37,2506202818.18,438.96138458,50.26106925290373,10.409438433634678,6.266535002687861,0.8727366317917741,0.1666666666666666,PE&PB,20241231,22.419241038027693,31.4179211393924
002568.SZ,百润股份,红黄酒,20110325,20260414,1789509.5183,25.7797,3.7687,20250930,15.3043,11.4782,15.3043,36,36,0.1666666666666666,0.1666666666666666,2269520391.32,549284887.11,8370270514.66,3486079213.8,755385131.5,178.95095183,41.64834586521849,24.202685695655923,6.5623313625045006,1.3752155743340635,0.1666666666666666,PE&PB,20241231,-6.610533288019621,-11.152918144810227
002372.SZ,伟星新材,其他建材,20100318,20260414,1711440.8371,23.1033,3.5033,20250930,14.4836,10.8627,14.4836,36,36,1.0,0.1666666666666666,5381991829.02,740777487.24,6392574863.06,1473923714.2,1178385378.88,171.14408371,23.05680802765697,13.764002450648224,11.588092483994853,1.5907413483506987,0.1666666666666666,PB,20251231,-14.11613356707104,-22.242098679327924
601799.SH,星宇股份,汽车配件,20110201,20260414,3516713.6479,21.6534,3.0853,20250930,14.3208,10.7406,14.3208,36,36,0.1666666666666666,0.1666666666666666,15256665866.59,1624090601.09,19345227511.87,7946977044.35,2436690466.04,351.67136479000004,41.07978073389848,10.64512138688529,8.395303700064925,1.500341461495207,0.1666666666666666,PE&PB,20251231,15.1191596690721,15.324369422549433
001386.SZ,马可波罗,家居用品,20251022,20260414,2350407.64,18.7711,1.9713,20250930,13.8989,10.4242,13.8989,36,36,0.1666666666666666,0.1666666666666666,4937772752.89,1062397662.45,14956822297.46,4235504818.86,1520175783.0,235.040764,28.31821315132749,21.51572613033266,7.103097444905919,1.430891498287295,0.1666666666666666,PE&PB,20241231,-17.93261513794861,-1.9240058642038649
000700.SZ,模塑科技,汽车配件,19970228,20260414,1068569.9128,23.114,2.8747,20250930,13.3297,9.9973,13.3297,36,36,0.1666666666666666,0.1666666666666666,5107239390.2,375105400.44,7427230077.0,3394463222.34,471190584.58,106.85699128,45.70294964810204,7.344582303303994,5.050407709888964,1.2561551607289356,0.1666666666666666,PE&PB,20241231,-18.17812211897469,39.45974121796549
300274.SZ,阳光电源,电气设备,20111102,20260414,28913006.5191,21.4786,6.2031,20250930,38.6995,29.0246,38.6995,36,36,0.7777777777777778,0.1944444444444444,89184357325.77,13461279955.37,118679392074.17,68907524405.28,16917778579.11,2891.30065191,58.06191218287964,15.09376796448623,11.342558906062836,1.2567734000926951,0.1944444444444444,PB,20251231,14.548974616858592,21.972995167026525
603379.SH,三美股份,化工原料,20190402,20260414,3828314.041,21.1671,5.1608,20250930,30.1863,22.6397,30.1863,36,36,0.1944444444444444,0.1944444444444444,4429051151.22,1590955092.41,9356029055.49,1630975266.29,1560924441.39,382.8314041,17.43234503245759,35.920901296697934,17.004597601975675,0.9811241365873444,0.1944444444444444,PE&PB,20241231,21.16954494568884,178.40192541071886
600096.SH,云天化,农药化肥,19970709,20260414,6105195.9581,11.8409,2.4837,20250930,27.0737,20.3053,27.0737,36,36,0.4166666666666667,0.1944444444444444,48414923741.78,5156043643.98,50342468471.93,23747493308.24,9087217375.51,610.51959581,47.17188892213569,10.649698988435162,10.241936481233358,1.7624399642388384,0.1944444444444444,PB,20251231,-21.323799700819063,-3.3173966354760758
600211.SH,西藏药业,生物制药,19990721,20260414,1339558.5786,14.2821,3.5266,20250930,25.7688,19.3266,25.7688,36,36,0.7777777777777778,0.1944444444444444,2981538230.43,937931435.32,6267387167.91,2129905953.93,1004750805.92,133.95585785999998,33.9839537093775,31.45797111529007,14.965270378098792,1.0712412102673612,0.1944444444444444,PB,20251231,6.228813425243529,-10.78266276068216
600887.SH,伊利股份,乳制品,19960312,20260414,16439612.3735,20.5226,3.0858,20250930,25.3931,19.0448,25.3931,36,36,0.1944444444444444,0.1944444444444444,90563616525.12,10426102617.04,152726359994.44,92477472828.78,9399863342.62,1643.96123735,60.5510881239798,11.512462749484028,6.8266556064189325,0.9015701924185212,0.1944444444444444,PE&PB,20241231,-8.242152928253681,-18.94493743135236
002690.SZ,美亚光电,专用机械,20120731,20260414,1595069.8512,22.1809,5.4495,20250930,25.0971,18.8228,25.0971,36,36,0.2222222222222222,0.1944444444444444,2406863327.55,719117651.3,3608191141.96,681208418.39,962109305.17,159.50698512,18.87949921688356,29.87779335322732,19.93014291669064,1.3379025023662356,0.1944444444444444,PE&PB,20251231,4.158480902201895,10.77433587122942
002946.SZ,新乳业,乳制品,20190125,20260414,1557825.7266,21.3066,4.1,20250930,24.6615,18.4961,24.6615,36,36,0.1944444444444444,0.1944444444444444,11233457712.85,731146914.29,9134898142.26,5162566091.82,1510107598.95,155.78257266,56.51476361774479,6.508654173804722,8.003886884163025,2.065395571581439,0.1944444444444444,PE&PB,20251231,5.325941883553751,35.9790280655301
000975.SZ,山金国际,黄金,20000608,20260414,8441235.6856,28.4058,5.6584,20250930,23.9329,17.9497,23.9329,36,36,0.1944444444444444,0.1944444444444444,17098604999.31,2971658678.29,20625468547.55,3845636466.51,4680085595.12,844.12356856,18.645086571702656,17.379538730849205,14.40771476991726,1.5749068455644746,0.1944444444444444,PE&PB,20251231,25.85977052629476,36.7465059152609
603596.SH,伯特利,汽车配件,20180427,20260414,2775400.9026,21.1954,3.5559,20250930,16.8609,12.6457,16.8609,36,36,0.2777777777777778,0.1944444444444444,12014080628.71,1309438112.97,17275680453.09,8860962308.47,866961398.49,277.54009026,51.29153860266668,10.899195314544844,7.579661574116396,0.6620865773668393,0.1944444444444444,PE&PB,20251231,20.90736591572318,8.320858814301486
601216.SH,君正集团,化工原料,20110222,20260414,4666223.6167,13.8783,1.6188,20250930,13.3096,9.9822,13.3096,36,36,0.1944444444444444,0.1944444444444444,18690654692.71,2798173270.37,42437205169.6,12824304030.6,3912023132.36,466.62236167,30.2194830676237,14.970975155093866,6.593679435738332,1.3980632199530365,0.1944444444444444,PE&PB,20241231,31.8271071952211,2.9616337733448925
603658.SH,安图生物,医疗保健,20160901,20260414,1952558.4323,17.7862,2.2324,20250930,13.2007,9.9005,13.2007,36,36,0.1944444444444444,0.1944444444444444,3127156171.6,859515131.82,11726944829.7,2881399471.21,845421813.39,195.25584323,24.570760015110533,27.485519899066368,7.3294037304854305,0.9836031758973716,0.1944444444444444,PE&PB,20241231,0.6199125949012406,-1.8881422131624397
603057.SH,紫燕食品,食品,20220926,20260414,1023820.0,53.4265,5.1426,20250930,12.9137,9.6853,12.9137,36,36,0.1944444444444444,0.1944444444444444,2513779188.8,194120653.34,3917283260.35,1894147443.88,252437090.91,102.382,48.35359911426886,7.722263522782491,4.955491866132136,1.300413359251679,0.1944444444444444,PE&PB,20241231,-5.27607456015328,4.498296764331584
600970.SH,中材国际,建筑工程,20050412,20260414,2731935.944,9.5451,1.1901,20250930,12.7795,9.5846,12.7795,36,36,0.5555555555555556,0.1944444444444444,49598694416.38,2862141557.45,62037612162.76,37371574033.15,1783230651.06,273.1935944,60.240187734987394,5.770598583548151,4.613558545646425,0.6230406900798973,0.1944444444444444,PB,20251231,7.525645960729335,-4.055473180192353
300130.SZ,新国都,IT设备,20101019,20260414,1324643.4522,28.2552,3.0086,20250930,12.7348,9.5511,12.7348,36,36,0.1944444444444444,0.2222222222222222,3179898428.81,468814770.93,6146906105.48,1743123956.64,405586312.27,132.46434521999998,28.35774496516216,14.743073762435946,7.626841257784125,0.8651312574162882,0.1944444444444444,PE&PB,20251231,1.027921831989464,100.17065118352924
300144.SZ,宋城演艺,旅游景点,20101209,20260414,2042001.3045,25.6994,2.4393,20250930,12.192,9.144,12.192,36,36,0.1944444444444444,0.1944444444444444,1832593835.76,753625899.95,10149007960.58,1458804261.83,1307789079.44,204.20013045,14.37386065215611,41.12345492188463,7.425611477271238,1.7353292655238712,0.1944444444444444,PE&PB,20241231,25.48661018650737,1054.1780221511483
601020.SH,华钰矿业,铅锌,20160316,20260414,2403316.5298,26.6525,5.6179,20250930,27.9389,20.9542,27.9389,32,32,0.21875,0.21875,1459450432.29,801365614.27,10372192333.89,3952840825.37,662875886.84,240.33165298,38.1099838696061,54.90872430744977,7.726096744770397,0.8271828426826668,0.21875,PE&PB,20241231,85.26799971589769,242.8499071163629
002714.SZ,牧原股份,农业综合,20140128,20260414,26428769.645,17.0653,3.0226,20250930,26.4673,19.8505,26.4673,36,36,1.0,0.2222222222222222,144144965371.68,15486891254.04,171741086702.08,92999107770.76,30056186914.47,2642.8769645,54.15076238109868,10.743969596237244,9.017580796437592,1.9407501751928016,0.2222222222222222,PB,20251231,4.493086579548427,-13.390382815587316
603195.SH,公牛集团,家用电器,20200206,20260414,7482937.5778,18.7654,4.7823,20250930,25.1956,18.8967,25.1956,36,36,0.2222222222222222,0.2222222222222222,12197681954.69,2978823094.86,21273828801.85,5603554453.46,3621486874.87,748.29375778,26.34013136823169,24.4212228677978,14.002289491964689,1.215744191428798,0.2222222222222222,PE&PB,20241231,7.236719757766908,10.389021298958614
002555.SZ,三七互娱,互联网,20110302,20260414,4915592.1272,15.7538,3.7823,20250930,23.7029,17.7772,23.7029,36,36,0.2222222222222222,0.2222222222222222,12460814883.08,2344710610.41,21337215933.88,7744165776.3,2967054364.94,491.55921272,36.29417164965526,18.81667156129396,10.988831053103718,1.2654245482435789,0.2222222222222222,PE&PB,20241231,5.403352197895102,0.5435678883205035
000596.SZ,古井贡酒,白酒,19960927,20260414,5568801.0,11.771,2.2335,20250930,21.0711,15.8033,21.0711,36,36,0.2222222222222222,0.2222222222222222,16424640732.91,3960203363.47,38224201011.05,11677226561.23,2627053477.01,556.8801,30.549301888231227,24.11135456701317,10.36046080420404,0.6633632760485638,0.2222222222222222,PE&PB,20241231,16.413938836187654,20.22344395672113
605333.SH,沪光股份,汽车配件,20200818,20260414,1224138.591,18.6398,3.584,20250930,20.0801,15.0601,20.0801,36,36,0.2222222222222222,0.2222222222222222,5838337971.68,424809385.15,8832429309.45,5416856049.96,263608677.51,122.4138591,61.32917524926458,7.276204070586885,4.809655082045067,0.6205340247295146,0.2222222222222222,PE&PB,20241231,97.70181531492852,1139.15467064898
603040.SH,新坐标,汽车配件,20170209,20260414,1097105.4038,42.3315,7.7226,20250930,19.8773,14.908,19.8773,36,36,0.2222222222222222,0.2222222222222222,593207048.8,209270378.92,1736618971.45,231239768.19,234485057.15,109.71054038,13.315515492550736,35.27779707664189,12.05044873748376,1.1204885199717591,0.2222222222222222,PE&PB,20241231,16.625736615767384,14.763971950458416
002920.SZ,德赛西威,汽车配件,20171226,20260414,6338114.7023,25.8321,4.3192,20250930,19.6292,14.7219,19.6292,36,36,0.2222222222222222,0.2777777777777778,32557178348.37,2453584767.75,29845318388.3,14282639872.0,2883761178.73,633.81147023,47.8555453360454,7.536232843940055,8.221003829906728,1.1753256772027008,0.2222222222222222,PE&PB,20251231,17.883638016820843,22.380917785426668
300015.SZ,爱尔眼科,医疗保健,20091030,20260414,8971031.5965,27.8688,4.136,20250930,19.2499,14.4374,19.2499,36,36,0.2222222222222222,0.2222222222222222,17483858533.8,3114740426.82,35836406967.01,12014449820.43,5078358713.04,897.10315965,33.52582146834689,17.81494868995049,8.691553340398615,1.6304275853332535,0.2222222222222222,PE&PB,20241231,3.023187857940755,5.870551877129735
002056.SZ,横店东磁,电气设备,20060802,20260414,3201369.3616,17.2937,3.0122,20250930,19.0501,14.2876,19.0501,36,36,0.9444444444444444,0.2222222222222222,22586366921.57,1851179463.16,27427240826.68,16368796418.43,3258111466.45,320.13693616,59.68079881555991,8.196003675970225,6.749419217405402,1.7600192370805254,0.2222222222222222,PB,20251231,21.703120547554004,1.3360090315547322
601038.SH,一拖股份,农用机械,20120808,20260414,1440513.2426,17.7413,1.8804,20250930,17.5619,13.1714,17.5619,36,36,0.2222222222222222,0.25,10822591178.94,811953460.29,15097537416.28,6866713331.94,915718981.93,144.05132426,45.482340216196285,7.502394268296896,5.378052313448503,1.1277973759763753,0.2222222222222222,PE&PB,20251231,-9.08724821330107,-11.937850348355248
600236.SH,桂冠电力,水力发电,20000323,20260414,7724730.246,23.5539,4.233,20250930,16.7033,12.5275,16.7033,36,36,0.2222222222222222,0.6666666666666666,10392934752.84,3279598444.12,52567354531.62,28500650943.98,6957390577.01,772.4730246,54.21739632500711,31.556038040398636,6.238850087362254,2.121415379216295,0.2222222222222222,PE,20251231,8.278051434704278,43.62543667595693
002768.SZ,国恩股份,塑料,20150630,20260414,1508358.75,17.9291,2.2779,20250930,15.6543,11.7407,15.6543,36,36,0.3055555555555556,0.2222222222222222,21251230845.63,841288804.33,19787851191.54,12087514844.82,567475367.33,150.835875,61.08553540157931,3.9587768371684624,4.251542000122178,0.6745309867542285,0.2222222222222222,PB,20251231,10.569089239894923,24.38131097125756
002611.SZ,东方精工,轻工机械,20110830,20260414,2139989.3857,29.5065,3.7064,20250930,13.0449,9.7837,13.0449,36,36,0.2222222222222222,0.2222222222222222,5228536554.75,725259219.97,8723974411.66,2691056733.08,874214350.6,213.99893857,30.84668301506337,13.8711704962858,8.313403796790798,1.2053819193586557,0.2222222222222222,PE&PB,20251231,9.432703487444464,44.88422752390351
300969.SZ,恒帅股份,汽车配件,20210412,20260414,1410928.6352,78.7106,10.2095,20250930,12.914,9.6855,12.914,36,36,0.2222222222222222,0.2222222222222222,679654664.26,129069097.97,1978070078.9,595886136.42,143077645.38,141.09286351999998,30.12462211406437,18.9903939099026,6.525001280125273,1.1085352546064593,0.2222222222222222,PE&PB,20241231,4.214444122875426,5.745099807423624
002603.SZ,以岭药业,中成药,20110728,20260414,2766688.1027,,2.7117,20250930,12.7476,9.5607,12.7476,0,36,,0.2222222222222222,5867603073.61,1000404671.91,14220309126.7,3522657370.27,1278238969.04,276.66881027,24.772016830885,17.049630988322942,7.035041664682548,1.2777219108738778,0.2222222222222222,PB,20241231,-36.88178905298601,-153.57340302767446
002287.SZ,奇正藏药,中成药,20090828,20260414,1323881.5217,20.4862,2.677,20250930,12.7379,9.5534,12.7379,36,36,0.2222222222222222,0.2222222222222222,1522943818.43,423519032.46,6638345939.71,1787330256.63,502538743.19,132.38815216999998,26.92433134492657,27.809235464549506,6.379887946582392,1.1865788894327038,0.2222222222222222,PE&PB,20241231,14.317624544680774,0.1862127909657943
601298.SH,青岛港,港口,20190121,20260414,5647257.0,10.7128,1.2354,20250930,12.6895,9.5171,12.6895,36,36,0.2222222222222222,0.2222222222222222,18806323315.0,5271506093.0,66578767145.0,16462273693.0,5548596729.0,564.7257,24.726011608396536,28.03049806548537,7.917698568252754,1.0525638462920393,0.2222222222222222,PE&PB,20251231,-0.7110246438591104,0.6993188158850415
600188.SH,兖矿能源,煤炭开采,19980701,20260414,19563049.5803,23.3423,2.7279,20250930,12.6752,9.5064,12.6752,36,36,0.9166666666666666,0.2222222222222222,144932859000.0,8380948000.0,452944273000.0,281847440000.0,19484794000.0,1956.30495803,62.22563277668377,5.782641740338539,1.850326519085936,2.3248914084659638,0.2222222222222222,PB,20251231,4.1749855384856405,-41.90004596864164
603730.SH,岱美股份,汽车配件,20170728,20260414,1940173.1201,31.0998,4.2513,20250930,12.5784,9.4338,12.5784,36,36,0.2222222222222222,0.2222222222222222,4794497414.02,444704615.17,7274193026.65,2661213711.18,724782950.31,194.01731201,36.58431528322495,9.275312441917292,6.113456345477277,1.6298075747042395,0.2222222222222222,PE&PB,20241231,8.799975773756403,22.66157124438163
300595.SZ,欧普康视,医疗保健,20170117,20260414,1281158.735,26.7173,2.6083,20250930,12.2289,9.1717,12.2289,36,36,0.2777777777777778,0.2222222222222222,1861147153.21,479524593.37,6261176033.27,852122874.26,730078196.25,128.11587350000002,13.609629720232686,25.765001576739564,7.658698474886363,1.5225041767287908,0.2222222222222222,PE&PB,20251231,2.6210592961821204,-16.200787229382524
603699.SH,纽威股份,机械基件,20140117,20260414,3962470.8968,27.4882,10.6364,20250930,34.9452,26.2089,34.9452,36,36,0.25,0.25,5603131509.95,1113778853.42,10209273962.14,5926554443.26,1673188877.61,396.24708968,58.05069454731054,19.87779247090952,10.909481492516802,1.5022631040913192,0.25,PE&PB,20241231,12.504105372901243,60.09731612129778
603376.SH,大明电子,汽车配件,20251106,20260414,1343203.358,47.6151,7.9788,20250930,22.1145,16.5859,22.1145,36,36,0.25,0.25,2072749643.44,192838964.37,3041523400.84,1781883416.11,200325599.87,134.3203358,58.585227903158135,9.30353383392499,6.340209788185165,1.0388232509153876,0.25,PE&PB,20241231,26.993249245892677,37.29392702563257
001696.SZ,宗申动力,摩托车,19970306,20260414,2189291.471,26.4448,3.9929,20250930,19.2933,14.47,19.2933,36,36,0.25,0.25,9638970204.82,757694290.26,12703393090.8,6773032135.13,686706982.62,218.9291471,53.31671693317228,7.860739001777517,5.964503222440108,0.9063114127260468,0.25,PE&PB,20241231,28.894319575951783,27.450495154580597
688100.SH,威胜信息,通信设备,20200121,20260414,1832018.9621,27.4968,5.399,20250930,18.8919,14.1689,18.8919,36,36,0.25,0.3611111111111111,2977611210.11,666266924.52,5689987924.18,2150485535.59,516042455.05,183.20189621,37.79420210105125,22.37588716276315,11.709461134155529,0.7745280998629394,0.25,PE,20251231,8.483043961417259,5.644290284987168
002003.SZ,伟星股份,服饰,20040625,20260414,1160356.3013,18.0843,2.5442,20250930,17.3569,13.0177,17.3569,36,36,0.25,0.25,3632509961.3,583362646.91,6937087019.49,2279599098.71,724885530.17,116.03563013,32.86104228338758,16.05949200759319,8.409331543211456,1.242598465996459,0.25,PE&PB,20241231,19.65708237204525,25.484356769038023
605090.SH,九丰能源,供气供热,20210525,20260414,2802902.5606,20.1629,2.6596,20250930,16.7241,12.5431,16.7241,36,36,0.25,0.25,15608246247.16,1241053179.4,16105867118.5,5203511178.21,1015438353.69,280.29025606,32.30817154968942,7.95126601507723,7.705596788231691,0.818206963686217,0.25,PE&PB,20241231,-17.010295149815054,28.929476700499507
301656.SZ,联合动力,汽车配件,20250925,20260414,5240039.3929,45.3458,5.6674,20250930,14.9972,11.2479,14.9972,36,36,0.25,0.25,14525290906.22,791962666.32,24293665398.87,15047714144.47,1250436771.55,524.0039392900001,61.94089651522875,5.452301585098492,3.259955438247032,1.5789087348781023,0.25,PE&PB,20241231,72.73716529046345,403.5459516447885
603119.SH,浙江荣泰,汽车配件,20230801,20260414,2810271.8509,100.9509,13.7989,20250930,14.3025,10.7269,14.3025,36,36,0.25,0.25,1375754147.23,278380063.24,3247454118.01,1115707132.89,279096128.72,281.02718509,34.356363241667346,20.23472462725276,8.572255469173122,1.0025722584859915,0.25,PE&PB,20251231,21.237071082135916,20.903700979791846
600662.SH,外服控股,文教休闲,19930614,20260414,1162279.8039,10.5097,2.3042,20250930,13.7479,10.3109,13.7479,36,36,0.25,0.25,18565629991.48,521194621.35,15271350531.32,9704719065.2,423940595.7,116.22798039,63.548531908141335,2.807309106069564,3.412891481215642,0.8134017089468568,0.25,PE&PB,20241231,16.446811819214773,85.40817661175873
600968.SH,海油发展,石油开采,20190626,20260414,4503141.1602,11.5931,1.5226,20250930,13.6379,10.2284,13.6379,36,36,0.2777777777777778,0.25,50363061030.51,3884331736.06,51165404553.41,20966838182.33,5077890352.47,450.31411602,40.97854471265513,7.712660145313382,7.59171508554235,1.3072751498873432,0.25,PE&PB,20251231,-4.101293893807643,6.243904408922247
300002.SZ,神州泰岳,互联网,20091030,20260414,1886519.7375,23.6337,2.4684,20250930,13.2359,9.9269,13.2359,36,36,0.6388888888888888,0.25,4068388410.04,724398151.28,8507336544.05,943572316.46,648690294.91,188.65197375,11.091277646937936,17.805530796723456,8.514981716417948,0.8954886118411188,0.25,PB,20241231,8.220974974828458,60.9222674318124
601088.SH,中国神华,煤炭开采,20071009,20260414,99033957.0321,18.739,2.1109,20250930,12.354,9.2655,12.354,36,36,0.6666666666666666,0.25,294916000000.0,52849000000.0,627761000000.0,146310000000.0,75059000000.0,9903.39570321,23.30664058455368,17.920017903403,8.418649772763837,1.4202539310109936,0.25,PB,20251231,-12.84344292574806,-9.92313067784766
605099.SH,共创草坪,文教休闲,20200930,20260414,1643165.5124,25.9646,5.468,20250930,23.8356,17.8767,23.8356,36,36,0.2777777777777778,0.2777777777777778,2474132050.7,515213228.91,3946751416.47,942151478.52,542050573.39,164.31655124,23.87156876889567,20.823998814623984,13.05410892512734,1.0520897814226895,0.2777777777777778,PE&PB,20241231,19.92365179938808,18.55768600537068
600938.SH,中国海油,石油开采,20220421,20260414,179187926.5197,14.6777,2.2322,20250930,17.7367,13.3025,17.7367,36,36,0.4722222222222222,0.2777777777777778,398220000000.0,122082000000.0,1098559000000.0,293375000000.0,209042000000.0,17918.792651969998,26.705438670112397,30.656923308723822,11.112921563611968,1.712308120771285,0.2777777777777778,PB,20251231,-5.299805472454614,-11.493736225495882
002011.SZ,盾安环境,家用电器,20040705,20260414,1296060.6296,11.1283,2.0207,20250930,17.2832,12.9624,17.2832,36,36,0.2777777777777778,0.2777777777777778,9722792687.75,768532689.02,11788407390.59,5448138781.5,732123260.3,129.60606296,46.21607144192296,7.904443853752989,6.519393702269527,0.9526247494216182,0.2777777777777778,PE&PB,20241231,11.385199835453047,41.57623238888761
000963.SZ,华东医药,化学制药,20000127,20260414,6138078.968,16.5997,2.5442,20250930,15.5273,11.6455,15.5273,36,36,0.2777777777777778,0.2777777777777778,32664143135.68,2747916019.11,39928783200.48,15432449103.14,2610851944.18,613.8078968,38.64993587621893,8.412637697844188,6.8820429746453335,0.9501207191279474,0.2777777777777778,PE&PB,20241231,3.1556019305570917,23.71529439751808
605020.SH,永和股份,化工原料,20210709,20260414,1304631.0185,23.2293,2.2692,20250930,14.7241,11.0431,14.7241,36,36,0.3333333333333333,0.2777777777777778,5206143738.66,561631730.64,7953585566.59,2200078770.76,680016191.31,130.46310185,27.661471072891924,10.78786446999939,7.061365291639057,1.2107866315442977,0.2777777777777778,PB,20251231,13.038357079784197,123.45778817522906
002351.SZ,漫步者,IT设备,20100205,20260414,1014471.087,23.5379,3.4024,20250930,14.1208,10.5906,14.1208,36,36,0.2777777777777778,0.2777777777777778,2797066403.57,430994066.32,3664423969.92,578006954.58,390182866.54,101.4471087,15.773473793552848,15.408789214653831,11.76157753190904,0.9053091377139776,0.2777777777777778,PE&PB,20251231,-4.968953507656876,-4.060419635807173
603100.SH,川仪股份,电器仪表,20140805,20260414,1022240.9666,16.2117,2.2706,20250930,13.7261,10.2946,13.7261,36,36,0.2777777777777778,0.2777777777777778,4890032078.98,461653998.81,8781432113.42,4060809048.19,291978585.83,102.22409666,46.24312977360688,9.44071513956807,5.257160709635152,0.6324619446222273,0.2777777777777778,PE&PB,20241231,2.4411139346696262,4.600752104091216
688248.SH,南网科技,电气设备,20211222,20260414,3179261.0,75.5457,9.7515,20250930,12.3573,9.268,12.3573,36,36,0.2777777777777778,0.6388888888888888,3684742958.03,420839411.88,5125993504.58,1821221723.51,484756303.7,317.9261,35.52914614274803,11.421133486743845,8.209909191339907,1.1518795293778843,0.2777777777777778,PE,20251231,22.272916893036847,15.283804813493084
